split,model,seed,bin,left,right,n,positives,mean_probability,observed_fraction
test,LSTM catalogue,7,0,0.0,0.1,0,0,,
test,LSTM catalogue,7,1,0.1,0.2,37,8,0.17178758535836194,0.21621621621621623
test,LSTM catalogue,7,2,0.2,0.30000000000000004,202,42,0.22945127385382605,0.2079207920792079
test,LSTM catalogue,7,3,0.30000000000000004,0.4,18,3,0.33442625900109607,0.16666666666666666
test,LSTM catalogue,7,4,0.4,0.5,2,0,0.41802579164505005,0.0
test,LSTM catalogue,7,5,0.5,0.6000000000000001,1,1,0.5245397090911865,1.0
test,LSTM catalogue,7,6,0.6000000000000001,0.7000000000000001,0,0,,
test,LSTM catalogue,7,7,0.7000000000000001,0.8,0,0,,
test,LSTM catalogue,7,8,0.8,0.9,0,0,,
test,LSTM catalogue,7,9,0.9,1.0,0,0,,
test,LSTM catalogue,17,0,0.0,0.1,0,0,,
test,LSTM catalogue,17,1,0.1,0.2,27,7,0.17404586076736447,0.25925925925925924
test,LSTM catalogue,17,2,0.2,0.30000000000000004,217,45,0.2310924325395839,0.2073732718894009
test,LSTM catalogue,17,3,0.30000000000000004,0.4,16,2,0.3290917482227087,0.125
test,LSTM catalogue,17,4,0.4,0.5,0,0,,
test,LSTM catalogue,17,5,0.5,0.6000000000000001,0,0,,
test,LSTM catalogue,17,6,0.6000000000000001,0.7000000000000001,0,0,,
test,LSTM catalogue,17,7,0.7000000000000001,0.8,0,0,,
test,LSTM catalogue,17,8,0.8,0.9,0,0,,
test,LSTM catalogue,17,9,0.9,1.0,0,0,,
test,LSTM catalogue,27,0,0.0,0.1,0,0,,
test,LSTM catalogue,27,1,0.1,0.2,24,4,0.1828436559687058,0.16666666666666666
test,LSTM catalogue,27,2,0.2,0.30000000000000004,230,49,0.23172618539437004,0.21304347826086956
test,LSTM catalogue,27,3,0.30000000000000004,0.4,5,0,0.3440130650997162,0.0
test,LSTM catalogue,27,4,0.4,0.5,1,1,0.4061493277549743,1.0
test,LSTM catalogue,27,5,0.5,0.6000000000000001,0,0,,
test,LSTM catalogue,27,6,0.6000000000000001,0.7000000000000001,0,0,,
test,LSTM catalogue,27,7,0.7000000000000001,0.8,0,0,,
test,LSTM catalogue,27,8,0.8,0.9,0,0,,
test,LSTM catalogue,27,9,0.9,1.0,0,0,,
test,Logistic catalogue,-1,0,0.0,0.1,0,0,,
test,Logistic catalogue,-1,1,0.1,0.2,90,14,0.18192325548993216,0.15555555555555556
test,Logistic catalogue,-1,2,0.2,0.30000000000000004,160,38,0.2335950589738786,0.2375
test,Logistic catalogue,-1,3,0.30000000000000004,0.4,8,1,0.35036399587988853,0.125
test,Logistic catalogue,-1,4,0.4,0.5,1,0,0.4721014499664306,0.0
test,Logistic catalogue,-1,5,0.5,0.6000000000000001,0,0,,
test,Logistic catalogue,-1,6,0.6000000000000001,0.7000000000000001,0,0,,
test,Logistic catalogue,-1,7,0.7000000000000001,0.8,1,1,0.711060106754303,1.0
test,Logistic catalogue,-1,8,0.8,0.9,0,0,,
test,Logistic catalogue,-1,9,0.9,1.0,0,0,,
test,Training frequency,-1,0,0.0,0.1,0,0,,
test,Training frequency,-1,1,0.1,0.2,0,0,,
test,Training frequency,-1,2,0.2,0.30000000000000004,260,54,0.23621103117505987,0.2076923076923077
test,Training frequency,-1,3,0.30000000000000004,0.4,0,0,,
test,Training frequency,-1,4,0.4,0.5,0,0,,
test,Training frequency,-1,5,0.5,0.6000000000000001,0,0,,
test,Training frequency,-1,6,0.6000000000000001,0.7000000000000001,0,0,,
test,Training frequency,-1,7,0.7000000000000001,0.8,0,0,,
test,Training frequency,-1,8,0.8,0.9,0,0,,
test,Training frequency,-1,9,0.9,1.0,0,0,,
test,Transformer compact,7,0,0.0,0.1,0,0,,
test,Transformer compact,7,1,0.1,0.2,54,9,0.1894734896443508,0.16666666666666666
test,Transformer compact,7,2,0.2,0.30000000000000004,194,43,0.23245919941319632,0.22164948453608246
test,Transformer compact,7,3,0.30000000000000004,0.4,12,2,0.3349023486177127,0.16666666666666666
test,Transformer compact,7,4,0.4,0.5,0,0,,
test,Transformer compact,7,5,0.5,0.6000000000000001,0,0,,
test,Transformer compact,7,6,0.6000000000000001,0.7000000000000001,0,0,,
test,Transformer compact,7,7,0.7000000000000001,0.8,0,0,,
test,Transformer compact,7,8,0.8,0.9,0,0,,
test,Transformer compact,7,9,0.9,1.0,0,0,,
test,Transformer compact,17,0,0.0,0.1,0,0,,
test,Transformer compact,17,1,0.1,0.2,2,1,0.19745234400033945,0.5
test,Transformer compact,17,2,0.2,0.30000000000000004,249,51,0.24457186604120645,0.20481927710843373
test,Transformer compact,17,3,0.30000000000000004,0.4,9,2,0.3287346926000383,0.2222222222222222
test,Transformer compact,17,4,0.4,0.5,0,0,,
test,Transformer compact,17,5,0.5,0.6000000000000001,0,0,,
test,Transformer compact,17,6,0.6000000000000001,0.7000000000000001,0,0,,
test,Transformer compact,17,7,0.7000000000000001,0.8,0,0,,
test,Transformer compact,17,8,0.8,0.9,0,0,,
test,Transformer compact,17,9,0.9,1.0,0,0,,
test,Transformer compact,27,0,0.0,0.1,0,0,,
test,Transformer compact,27,1,0.1,0.2,0,0,,
test,Transformer compact,27,2,0.2,0.30000000000000004,253,53,0.2570437594011367,0.20948616600790515
test,Transformer compact,27,3,0.30000000000000004,0.4,7,1,0.31269658889089313,0.14285714285714285
test,Transformer compact,27,4,0.4,0.5,0,0,,
test,Transformer compact,27,5,0.5,0.6000000000000001,0,0,,
test,Transformer compact,27,6,0.6000000000000001,0.7000000000000001,0,0,,
test,Transformer compact,27,7,0.7000000000000001,0.8,0,0,,
test,Transformer compact,27,8,0.8,0.9,0,0,,
test,Transformer compact,27,9,0.9,1.0,0,0,,
validation,LSTM catalogue,7,0,0.0,0.1,0,0,,
validation,LSTM catalogue,7,1,0.1,0.2,29,4,0.17927213527005292,0.13793103448275862
validation,LSTM catalogue,7,2,0.2,0.30000000000000004,158,37,0.23049115200963202,0.23417721518987342
validation,LSTM catalogue,7,3,0.30000000000000004,0.4,12,7,0.33063379178444546,0.5833333333333334
validation,LSTM catalogue,7,4,0.4,0.5,5,2,0.45445343255996706,0.4
validation,LSTM catalogue,7,5,0.5,0.6000000000000001,3,1,0.558109442392985,0.3333333333333333
validation,LSTM catalogue,7,6,0.6000000000000001,0.7000000000000001,1,1,0.6000968217849731,1.0
validation,LSTM catalogue,7,7,0.7000000000000001,0.8,0,0,,
validation,LSTM catalogue,7,8,0.8,0.9,0,0,,
validation,LSTM catalogue,7,9,0.9,1.0,0,0,,
validation,LSTM catalogue,17,0,0.0,0.1,0,0,,
validation,LSTM catalogue,17,1,0.1,0.2,15,0,0.17777357896169027,0.0
validation,LSTM catalogue,17,2,0.2,0.30000000000000004,176,43,0.2303443273360079,0.24431818181818182
validation,LSTM catalogue,17,3,0.30000000000000004,0.4,10,6,0.3329313933849335,0.6
validation,LSTM catalogue,17,4,0.4,0.5,5,3,0.4166322946548462,0.6
validation,LSTM catalogue,17,5,0.5,0.6000000000000001,2,0,0.5496395826339722,0.0
validation,LSTM catalogue,17,6,0.6000000000000001,0.7000000000000001,0,0,,
validation,LSTM catalogue,17,7,0.7000000000000001,0.8,0,0,,
validation,LSTM catalogue,17,8,0.8,0.9,0,0,,
validation,LSTM catalogue,17,9,0.9,1.0,0,0,,
validation,LSTM catalogue,27,0,0.0,0.1,0,0,,
validation,LSTM catalogue,27,1,0.1,0.2,14,0,0.18287858579839975,0.0
validation,LSTM catalogue,27,2,0.2,0.30000000000000004,183,48,0.23285368345474286,0.26229508196721313
validation,LSTM catalogue,27,3,0.30000000000000004,0.4,6,1,0.3386002629995346,0.16666666666666666
validation,LSTM catalogue,27,4,0.4,0.5,4,3,0.4277143329381943,0.75
validation,LSTM catalogue,27,5,0.5,0.6000000000000001,0,0,,
validation,LSTM catalogue,27,6,0.6000000000000001,0.7000000000000001,1,0,0.6280888319015503,0.0
validation,LSTM catalogue,27,7,0.7000000000000001,0.8,0,0,,
validation,LSTM catalogue,27,8,0.8,0.9,0,0,,
validation,LSTM catalogue,27,9,0.9,1.0,0,0,,
validation,Logistic catalogue,-1,0,0.0,0.1,0,0,,
validation,Logistic catalogue,-1,1,0.1,0.2,48,9,0.18595725639412794,0.1875
validation,Logistic catalogue,-1,2,0.2,0.30000000000000004,148,40,0.2259765415376908,0.2702702702702703
validation,Logistic catalogue,-1,3,0.30000000000000004,0.4,4,0,0.3319166973233223,0.0
validation,Logistic catalogue,-1,4,0.4,0.5,5,1,0.4817399024963379,0.2
validation,Logistic catalogue,-1,5,0.5,0.6000000000000001,0,0,,
validation,Logistic catalogue,-1,6,0.6000000000000001,0.7000000000000001,1,0,0.6297833323478699,0.0
validation,Logistic catalogue,-1,7,0.7000000000000001,0.8,2,2,0.7246775329113007,1.0
validation,Logistic catalogue,-1,8,0.8,0.9,0,0,,
validation,Logistic catalogue,-1,9,0.9,1.0,0,0,,
validation,Training frequency,-1,0,0.0,0.1,0,0,,
validation,Training frequency,-1,1,0.1,0.2,0,0,,
validation,Training frequency,-1,2,0.2,0.30000000000000004,208,52,0.23621103117505984,0.25
validation,Training frequency,-1,3,0.30000000000000004,0.4,0,0,,
validation,Training frequency,-1,4,0.4,0.5,0,0,,
validation,Training frequency,-1,5,0.5,0.6000000000000001,0,0,,
validation,Training frequency,-1,6,0.6000000000000001,0.7000000000000001,0,0,,
validation,Training frequency,-1,7,0.7000000000000001,0.8,0,0,,
validation,Training frequency,-1,8,0.8,0.9,0,0,,
validation,Training frequency,-1,9,0.9,1.0,0,0,,
validation,Transformer compact,7,0,0.0,0.1,0,0,,
validation,Transformer compact,7,1,0.1,0.2,30,7,0.19193546871344244,0.23333333333333334
validation,Transformer compact,7,2,0.2,0.30000000000000004,157,40,0.23159160754483216,0.25477707006369427
validation,Transformer compact,7,3,0.30000000000000004,0.4,13,3,0.335117165858929,0.23076923076923078
validation,Transformer compact,7,4,0.4,0.5,4,1,0.42613738030195236,0.25
validation,Transformer compact,7,5,0.5,0.6000000000000001,4,1,0.539514571428299,0.25
validation,Transformer compact,7,6,0.6000000000000001,0.7000000000000001,0,0,,
validation,Transformer compact,7,7,0.7000000000000001,0.8,0,0,,
validation,Transformer compact,7,8,0.8,0.9,0,0,,
validation,Transformer compact,7,9,0.9,1.0,0,0,,
validation,Transformer compact,17,0,0.0,0.1,0,0,,
validation,Transformer compact,17,1,0.1,0.2,3,0,0.19691831370194748,0.0
validation,Transformer compact,17,2,0.2,0.30000000000000004,194,49,0.24420381106973924,0.25257731958762886
validation,Transformer compact,17,3,0.30000000000000004,0.4,11,3,0.3209181157025424,0.2727272727272727
validation,Transformer compact,17,4,0.4,0.5,0,0,,
validation,Transformer compact,17,5,0.5,0.6000000000000001,0,0,,
validation,Transformer compact,17,6,0.6000000000000001,0.7000000000000001,0,0,,
validation,Transformer compact,17,7,0.7000000000000001,0.8,0,0,,
validation,Transformer compact,17,8,0.8,0.9,0,0,,
validation,Transformer compact,17,9,0.9,1.0,0,0,,
validation,Transformer compact,27,0,0.0,0.1,0,0,,
validation,Transformer compact,27,1,0.1,0.2,0,0,,
validation,Transformer compact,27,2,0.2,0.30000000000000004,194,47,0.2568453415152953,0.2422680412371134
validation,Transformer compact,27,3,0.30000000000000004,0.4,10,4,0.3277576804161072,0.4
validation,Transformer compact,27,4,0.4,0.5,4,1,0.41817034035921097,0.25
validation,Transformer compact,27,5,0.5,0.6000000000000001,0,0,,
validation,Transformer compact,27,6,0.6000000000000001,0.7000000000000001,0,0,,
validation,Transformer compact,27,7,0.7000000000000001,0.8,0,0,,
validation,Transformer compact,27,8,0.8,0.9,0,0,,
validation,Transformer compact,27,9,0.9,1.0,0,0,,
