model,seed,split,brier,log_loss,n,positives,positive_rate
Training frequency,-1,validation,0.18769013566125514,0.5628552284951271,208,52,0.25
Logistic catalogue,-1,validation,0.18661083281040192,0.5600228309631348,208,52,0.25
LSTM catalogue,7,validation,0.18152061104774475,0.5475124716758728,208,52,0.25
Transformer compact,7,validation,0.19034869968891144,0.5684820413589478,208,52,0.25
Transformer compact,17,validation,0.188068687915802,0.563823401927948,208,52,0.25
LSTM catalogue,17,validation,0.18362437188625336,0.5518239736557007,208,52,0.25
LSTM catalogue,27,validation,0.1840503066778183,0.552886962890625,208,52,0.25
Transformer compact,27,validation,0.1878945529460907,0.5630602240562439,208,52,0.25
Training frequency,-1,test,0.16536953060683715,0.5132043623598351,260,54,0.2076923076923077
Logistic catalogue,-1,test,0.16422854363918304,0.5103167295455933,260,54,0.2076923076923077
LSTM catalogue,7,test,0.16530941426753998,0.5124800205230713,260,54,0.2076923076923077
Transformer compact,7,test,0.16582059860229492,0.5138139128684998,260,54,0.2076923076923077
Transformer compact,17,test,0.16707883775234222,0.5175915956497192,260,54,0.2076923076923077
LSTM catalogue,17,test,0.16562625765800476,0.5134967565536499,260,54,0.2076923076923077
LSTM catalogue,27,test,0.16530394554138184,0.5128502249717712,260,54,0.2076923076923077
Transformer compact,27,test,0.1662001609802246,0.5154011845588684,260,54,0.2076923076923077
